{"cameraMode":{"drawMode":0,"name":"Shaded","section":"Shading Mode"},"sceneLighting":false,"audioPlay":false,"sceneViewState":{"showFog":true,"showMaterialUpdate":true,"showSkybox":true,"showFlares":true,"showImageEffects":true,"showParticleSystems":true},"in2DMode":false,"pivot":{"x":-11.362527847290039,"y":-6.871061325073242,"z":-0.9278059005737305},"rotation":{"x":-0.0013411850668489934,"y":0.9880044460296631,"z":-0.15418636798858643,"w":-0.008594888262450695},"size":17.55427360534668,"orthographic":false}