{"cameraMode":{"drawMode":0,"name":"Shaded","section":"Shading Mode"},"sceneLighting":false,"audioPlay":false,"sceneViewState":{"showFog":true,"showMaterialUpdate":true,"showSkybox":false,"showFlares":true,"showImageEffects":true,"showParticleSystems":true},"in2DMode":false,"pivot":{"x":-0.005924999713897705,"y":-0.08051904290914536,"z":-0.9629638195037842},"rotation":{"x":0.049988944083452228,"y":0.9415078163146973,"z":-0.2915619909763336,"w":0.16142338514328004},"size":1.219346523284912,"orthographic":false}