{"cameraMode":{"drawMode":0,"name":"Shaded","section":"Shading Mode"},"sceneLighting":false,"audioPlay":false,"sceneViewState":{"showFog":true,"showMaterialUpdate":false,"showSkybox":true,"showFlares":true,"showImageEffects":true,"showParticleSystems":true},"in2DMode":false,"pivot":{"x":229.886962890625,"y":96.13551330566406,"z":107.95882415771485},"rotation":{"x":-0.2788983881473541,"y":0.6496219635009766,"z":-0.2787311375141144,"w":-0.650012731552124},"size":8.556384086608887,"orthographic":false}