{"cameraMode":{"drawMode":0,"name":"Shaded","section":"Shading Mode"},"sceneLighting":false,"audioPlay":false,"sceneViewState":{"showFog":true,"showMaterialUpdate":false,"showSkybox":true,"showFlares":true,"showImageEffects":true,"showParticleSystems":true},"in2DMode":false,"pivot":{"x":228.99024963378907,"y":170.5072479248047,"z":111.14076232910156},"rotation":{"x":-0.33787521719932558,"y":0.6236258149147034,"z":-0.34175026416778567,"w":-0.6165565252304077},"size":6.097172737121582,"orthographic":false}